,release_date,title,downloads,show,color
283,2015-06-01,Episode #1 - Introduction,3434.0,The Bitcoin Podcast,"rgba(236,159,76,1)"
282,2015-06-07,TBP02 - Holding Up the Sky,2739.0,The Bitcoin Podcast,"rgba(236,159,76,1)"
281,2015-06-15,TBP03 - Bridging the Gender Gap,2562.0,The Bitcoin Podcast,"rgba(236,159,76,1)"
280,2015-06-20,TBP04 - Change Jar 2.0,2673.0,The Bitcoin Podcast,"rgba(236,159,76,1)"
279,2015-06-28,TBP05 - The World's Strongest,2547.0,The Bitcoin Podcast,"rgba(236,159,76,1)"
278,2015-07-02,TBP06 - Aboard the Pequod,2463.0,The Bitcoin Podcast,"rgba(236,159,76,1)"
277,2015-07-06,TBP07 - Under the Iron Veil,2723.0,The Bitcoin Podcast,"rgba(236,159,76,1)"
276,2015-07-09,TBP08 - Bitcoin For The Bottom Billion,850.0,The Bitcoin Podcast,"rgba(236,159,76,1)"
275,2015-07-19,TBP09 - The Curious Case of Remittance,773.0,The Bitcoin Podcast,"rgba(236,159,76,1)"
274,2015-07-24,TBP10 - Bottoms Up,684.0,The Bitcoin Podcast,"rgba(236,159,76,1)"
273,2015-08-03,TBP11 - The End of Money,845.0,The Bitcoin Podcast,"rgba(236,159,76,1)"
272,2015-08-08,TBP12 - Boring Economics,917.0,The Bitcoin Podcast,"rgba(236,159,76,1)"
271,2015-08-15,TBP13 - The Greatest Truths,650.0,The Bitcoin Podcast,"rgba(236,159,76,1)"
270,2015-08-23,TBP14 - Sex and the Single Bitcoin,816.0,The Bitcoin Podcast,"rgba(236,159,76,1)"
269,2015-08-30,TBP15 - Ants Marching,637.0,The Bitcoin Podcast,"rgba(236,159,76,1)"
268,2015-09-06,TBP16 - The Dual Revolution,681.0,The Bitcoin Podcast,"rgba(236,159,76,1)"
267,2015-09-13,TBP17 - Oiling the Squeaky Wheel,713.0,The Bitcoin Podcast,"rgba(236,159,76,1)"
266,2015-09-20,TBP18 - From Cradle to Grave,621.0,The Bitcoin Podcast,"rgba(236,159,76,1)"
265,2015-09-27,TBP19 - Branding the Disruptive,657.0,The Bitcoin Podcast,"rgba(236,159,76,1)"
264,2015-10-01,TBP20 - Bottoms Up 2,674.0,The Bitcoin Podcast,"rgba(236,159,76,1)"
263,2015-10-10,TBP21 - Call For Papers,616.0,The Bitcoin Podcast,"rgba(236,159,76,1)"
262,2015-10-15,TBP22 - Vote With Your Feet,583.0,The Bitcoin Podcast,"rgba(236,159,76,1)"
261,2015-10-25,"TBP23 - It’s a Mad, Mad, Mad, Mad Bitcoin World",620.0,The Bitcoin Podcast,"rgba(236,159,76,1)"
260,2015-11-01,TBP24 - Betting On Bitcoin,963.0,The Bitcoin Podcast,"rgba(236,159,76,1)"
259,2015-11-08,TBP25 - The $199 Incentive,655.0,The Bitcoin Podcast,"rgba(236,159,76,1)"
258,2015-11-15,TBP26 - Change Jar 3.0,732.0,The Bitcoin Podcast,"rgba(236,159,76,1)"
257,2015-11-22,TBP27 - London Calling,797.0,The Bitcoin Podcast,"rgba(236,159,76,1)"
256,2015-11-29,TBP28 - Modern Day Gold Rush,822.0,The Bitcoin Podcast,"rgba(236,159,76,1)"
255,2015-12-06,TBP29 - Take the Power Back,875.0,The Bitcoin Podcast,"rgba(236,159,76,1)"
254,2015-12-13,TBP30 - Bottoms Up 3,718.0,The Bitcoin Podcast,"rgba(236,159,76,1)"
253,2015-12-20,TBP31 - Off the Transparency Chain,726.0,The Bitcoin Podcast,"rgba(236,159,76,1)"
252,2015-12-27,TBP32 - The Marketing Blueprint,983.0,The Bitcoin Podcast,"rgba(236,159,76,1)"
251,2016-01-02,TBP33 - Canadian Bitcoin Scenario,911.0,The Bitcoin Podcast,"rgba(236,159,76,1)"
250,2016-01-09,"TBP34 - 20,000 Lines Under the Code",1032.0,The Bitcoin Podcast,"rgba(236,159,76,1)"
249,2016-01-16,TBP35 - Disruption or Disconnect,1300.0,The Bitcoin Podcast,"rgba(236,159,76,1)"
248,2016-01-23,TBP36 - Bakesales for Bombers,757.0,The Bitcoin Podcast,"rgba(236,159,76,1)"
247,2016-01-30,TBP37 - Bitcoining with The BasedGod,972.0,The Bitcoin Podcast,"rgba(236,159,76,1)"
246,2016-02-01,TBP38 - Assumption of Trust,853.0,The Bitcoin Podcast,"rgba(236,159,76,1)"
245,2016-02-07,TBP39 - Running the Gamut,1078.0,The Bitcoin Podcast,"rgba(236,159,76,1)"
244,2016-02-13,TBP40 - A Conservative Trillion,1494.0,The Bitcoin Podcast,"rgba(236,159,76,1)"
243,2016-02-18,TBP41 - Making Inroads With Merchants,853.0,The Bitcoin Podcast,"rgba(236,159,76,1)"
242,2016-02-21,TBP42 - True Micropayments,1088.0,The Bitcoin Podcast,"rgba(236,159,76,1)"
241,2016-02-27,TBP43 - The Mystery of Capital,967.0,The Bitcoin Podcast,"rgba(236,159,76,1)"
240,2016-03-03,TBP44 - Who Is Bitcoin Girl?,884.0,The Bitcoin Podcast,"rgba(236,159,76,1)"
239,2016-03-06,TBP45 - Bitcoin Evangelism,971.0,The Bitcoin Podcast,"rgba(236,159,76,1)"
238,2016-03-13,TBP46 - The Fundamental Conflict,1170.0,The Bitcoin Podcast,"rgba(236,159,76,1)"
237,2016-03-20,TBP47 - Bottoms Up 4,844.0,The Bitcoin Podcast,"rgba(236,159,76,1)"
236,2016-03-27,"TBP48 - Inertia, My Friend!",905.0,The Bitcoin Podcast,"rgba(236,159,76,1)"
235,2016-03-31,TBP49 - Welterweight Gold,1124.0,The Bitcoin Podcast,"rgba(236,159,76,1)"
234,2016-04-04,TBP50 - Not Giving a Good Got Damn,1042.0,The Bitcoin Podcast,"rgba(236,159,76,1)"
233,2016-04-10,TBP51 - Such Wow,875.0,The Bitcoin Podcast,"rgba(236,159,76,1)"
232,2016-04-14,TBP52 - Potential of the SDK,892.0,The Bitcoin Podcast,"rgba(236,159,76,1)"
231,2016-04-17,TBP53 - Tough Math,1499.0,The Bitcoin Podcast,"rgba(236,159,76,1)"
230,2016-04-21,TBP54 - Revisiting the Divine Child,884.0,The Bitcoin Podcast,"rgba(236,159,76,1)"
229,2016-04-24,TBP55 - The Cryptocurrency 2.0 Project,1393.0,The Bitcoin Podcast,"rgba(236,159,76,1)"
228,2016-05-01,TBP56 - Exploring European Fintech,1076.0,The Bitcoin Podcast,"rgba(236,159,76,1)"
227,2016-05-03,TBP57 - Future of a Shared Economy,2251.0,The Bitcoin Podcast,"rgba(236,159,76,1)"
226,2016-05-08,TBP58 - The Art of the Deal,2097.0,The Bitcoin Podcast,"rgba(236,159,76,1)"
225,2016-05-16,TBP59 - Incredible India,1213.0,The Bitcoin Podcast,"rgba(236,159,76,1)"
224,2016-05-23,TBP60 - Release the Kraken,2605.0,The Bitcoin Podcast,"rgba(236,159,76,1)"
223,2016-05-27,TBP61 - Escaping War Zones,1084.0,The Bitcoin Podcast,"rgba(236,159,76,1)"
222,2016-05-30,TBP62 - Still Holding Up the Sky,1328.0,The Bitcoin Podcast,"rgba(236,159,76,1)"
221,2016-06-06,TBP63 - Change Jar 4.0,1399.0,The Bitcoin Podcast,"rgba(236,159,76,1)"
220,2016-06-09,TBP64 - Shorting the Bull Rally,1500.0,The Bitcoin Podcast,"rgba(236,159,76,1)"
219,2016-06-12,TBP65 - Exosphere Academy,1477.0,The Bitcoin Podcast,"rgba(236,159,76,1)"
218,2016-06-18,TBP66 - Cultures of Innovation,1529.0,The Bitcoin Podcast,"rgba(236,159,76,1)"
217,2016-06-22,TBP67 - Follow the LeadTuur,1725.0,The Bitcoin Podcast,"rgba(236,159,76,1)"
216,2016-06-26,TBP68 - Deconstructing theDAO Attack,2233.0,The Bitcoin Podcast,"rgba(236,159,76,1)"
215,2016-06-30,TBP69 - The Ubitquity Platform,1440.0,The Bitcoin Podcast,"rgba(236,159,76,1)"
214,2016-07-03,TBP70 - Whitehat,1705.0,The Bitcoin Podcast,"rgba(236,159,76,1)"
213,2016-07-10,TBP71 - Bitcoin Wealth Alliance,2208.0,The Bitcoin Podcast,"rgba(236,159,76,1)"
212,2016-07-11,TBP72 - The Broader Economy,3935.0,The Bitcoin Podcast,"rgba(236,159,76,1)"
211,2016-07-17,TBP73 - Navigating the New Marketplace,1744.0,The Bitcoin Podcast,"rgba(236,159,76,1)"
210,2016-07-20,TBP74 - Cryptocurrency Fellowship,1497.0,The Bitcoin Podcast,"rgba(236,159,76,1)"
209,2016-07-23,TBP75 - Attention Economy,1957.0,The Bitcoin Podcast,"rgba(236,159,76,1)"
208,2016-07-31,TBP76 - Skynet,3055.0,The Bitcoin Podcast,"rgba(236,159,76,1)"
207,2016-08-01,TBP77 - Collective Governance,3013.0,The Bitcoin Podcast,"rgba(236,159,76,1)"
206,2016-08-06,TBP78 - The Price of Privatization,1929.0,The Bitcoin Podcast,"rgba(236,159,76,1)"
205,2016-08-13,TBP79 - Infrastructure for a Seven Billion World,2716.0,The Bitcoin Podcast,"rgba(236,159,76,1)"
204,2016-08-13,TBP80 - A Means to an End,1569.0,The Bitcoin Podcast,"rgba(236,159,76,1)"
203,2016-08-21,TBP81 - Redefining Trust,1705.0,The Bitcoin Podcast,"rgba(236,159,76,1)"
202,2016-08-28,TBP82 - Unifying Blockchain Tech,1905.0,The Bitcoin Podcast,"rgba(236,159,76,1)"
201,2016-08-29,TBP83 - Lightning Network Deep Dive,2048.0,The Bitcoin Podcast,"rgba(236,159,76,1)"
200,2016-09-04,TBP84 - Arcade City Glorification,1517.0,The Bitcoin Podcast,"rgba(236,159,76,1)"
199,2016-09-11,TBP85 - Crossing the Chasm,1383.0,The Bitcoin Podcast,"rgba(236,159,76,1)"
198,2016-09-12,TBP86 - Exploring Macroeconomics,1538.0,The Bitcoin Podcast,"rgba(236,159,76,1)"
197,2016-09-18,TBP87 - The World is YOURS,1901.0,The Bitcoin Podcast,"rgba(236,159,76,1)"
196,2016-09-19,TBP88 - Bitcoin Bike-Shed,1484.0,The Bitcoin Podcast,"rgba(236,159,76,1)"
195,2016-09-25,TBP89 - The IoT Frontier,1540.0,The Bitcoin Podcast,"rgba(236,159,76,1)"
194,2016-09-27,TBP90 - Silicon Valley in a Box,2417.0,The Bitcoin Podcast,"rgba(236,159,76,1)"
193,2016-10-02,TBP91 - Exosphere Academy II,1660.0,The Bitcoin Podcast,"rgba(236,159,76,1)"
192,2016-10-09,TBP92 - Myceliated,1895.0,The Bitcoin Podcast,"rgba(236,159,76,1)"
191,2016-10-15,TBP93 - Cryptographic Verification,3848.0,The Bitcoin Podcast,"rgba(236,159,76,1)"
190,2016-10-22,TBP94 - Reputation Tokens,2585.0,The Bitcoin Podcast,"rgba(236,159,76,1)"
189,2016-10-27,TBP95 - The JOBS Act,1718.0,The Bitcoin Podcast,"rgba(236,159,76,1)"
187,2016-10-29,BC1: Empowering Creativity with Technology,1481.0,BlockChannel,"rgb(101,174,223)"
188,2016-10-29,TBP96 - A Fireside Chat,1757.0,The Bitcoin Podcast,"rgba(236,159,76,1)"
186,2016-11-06,TBP97 - Hype or Hope,2828.0,The Bitcoin Podcast,"rgba(236,159,76,1)"
185,2016-11-09,TBP98 - Ubitquity Part Duex,1402.0,The Bitcoin Podcast,"rgba(236,159,76,1)"
184,2016-11-11,"BC2: Making Bitcoin Great, with Javascript & Brave",1442.0,BlockChannel,"rgb(101,174,223)"
183,2016-11-12,TBP99 - Blockchain Supercomputer,2495.0,The Bitcoin Podcast,"rgba(236,159,76,1)"
182,2016-11-19,TBP100 - Thai Gone Wild,3042.0,The Bitcoin Podcast,"rgba(236,159,76,1)"
181,2016-11-27,TBP101 - World's First Supernode Infrastructure,1552.0,The Bitcoin Podcast,"rgba(236,159,76,1)"
180,2016-11-30,TBP102 - Building Bridges Initiative,2353.0,The Bitcoin Podcast,"rgba(236,159,76,1)"
179,2016-12-01,"BC3: Zero Knowledge, the Future of Privacy",2184.0,BlockChannel,"rgb(101,174,223)"
178,2016-12-04,TBP103 - A Jack of All Trades,1813.0,The Bitcoin Podcast,"rgba(236,159,76,1)"
177,2016-12-11,TBP104 - Currency to a Wider Public,2698.0,The Bitcoin Podcast,"rgba(236,159,76,1)"
176,2016-12-18,TBP105 - Music Industry 2.0,2125.0,The Bitcoin Podcast,"rgba(236,159,76,1)"
175,2016-12-22,On-Ramping with Dee: Episode #1,2195.0,On-Ramping with Dee,"rgb(130,170,52)"
174,2016-12-25,TBP106 - A Very Bitcoin Christmas,2218.0,The Bitcoin Podcast,"rgba(236,159,76,1)"
173,2016-12-31,"TBP107 - Like Father, Like Son",1796.0,The Bitcoin Podcast,"rgba(236,159,76,1)"
172,2017-01-02,"BC4: Predicting the Future, with Augur",1628.0,BlockChannel,"rgb(101,174,223)"
171,2017-01-03,On-Ramping with Dee: Episode #2,2067.0,On-Ramping with Dee,"rgb(130,170,52)"
170,2017-01-04,TBP108 - Ether Camp,1686.0,The Bitcoin Podcast,"rgba(236,159,76,1)"
169,2017-01-07,Episode #3: On-Ramping with Dee,1509.0,On-Ramping with Dee,"rgb(130,170,52)"
168,2017-01-08,TBP109 - The Human Influence,2115.0,The Bitcoin Podcast,"rgba(236,159,76,1)"
167,2017-01-11,BC5: Taking One for the Team,1598.0,BlockChannel,"rgb(101,174,223)"
166,2017-01-15,TBP110 - The Technological Revolution,2584.0,The Bitcoin Podcast,"rgba(236,159,76,1)"
165,2017-01-22,TBP111 - Disrupting Global Commerce,2375.0,The Bitcoin Podcast,"rgba(236,159,76,1)"
164,2017-01-25,Episode #4: On-Ramping with Dee,2327.0,On-Ramping with Dee,"rgb(130,170,52)"
163,2017-01-26,"BC6: Gnosis, and the Power of the Crowd",1737.0,BlockChannel,"rgb(101,174,223)"
162,2017-01-28,TBP112 - The Broader Economy II,3801.0,The Bitcoin Podcast,"rgba(236,159,76,1)"
161,2017-02-02,"BC7: Meet Your Maker, Ethereum",1835.0,BlockChannel,"rgb(101,174,223)"
160,2017-02-02,"BC8: Hit or Stay, a Bet on 21.co",2056.0,BlockChannel,"rgb(101,174,223)"
159,2017-02-03,Episode #5: On-Ramping with Dee,2406.0,On-Ramping with Dee,"rgb(130,170,52)"
158,2017-02-05,TBP113 - Innovators' Lab,2324.0,The Bitcoin Podcast,"rgba(236,159,76,1)"
157,2017-02-08,BC9: Getting Gamers on Ethereum with FirstBlood,1837.0,BlockChannel,"rgb(101,174,223)"
156,2017-02-12,TBP114 - Life After Trezor,2901.0,The Bitcoin Podcast,"rgba(236,159,76,1)"
155,2017-02-17,BC10: A Bitcoin Venture Outside the Great Wall,1630.0,BlockChannel,"rgb(101,174,223)"
154,2017-02-18,TBP115 - This Week in Ethereum,2297.0,The Bitcoin Podcast,"rgba(236,159,76,1)"
153,2017-02-20,BC11: Bridging Ethereum and Media with Jaak.io,1520.0,BlockChannel,"rgb(101,174,223)"
152,2017-02-20,Episode #6: On-Ramping with Dee,1948.0,On-Ramping with Dee,"rgb(130,170,52)"
151,2017-02-22,"BC12: In Ethereum, WeTrust",2745.0,BlockChannel,"rgb(101,174,223)"
150,2017-02-26,TBP116 - Building the Iron Man Suit,2656.0,The Bitcoin Podcast,"rgba(236,159,76,1)"
149,2017-03-05,TBP117 - Venturing Into the Web3,2440.0,The Bitcoin Podcast,"rgba(236,159,76,1)"
148,2017-03-07,"BC13: Decentralized Web Browsing, with Blockstack",2175.0,BlockChannel,"rgb(101,174,223)"
147,2017-03-10,Episode #7: On-Ramping with Dee,1763.0,On-Ramping with Dee,"rgb(130,170,52)"
146,2017-03-12,TBP118 - Bitcoin or How I Learned to Stop Worrying and Love Crypto,3288.0,The Bitcoin Podcast,"rgba(236,159,76,1)"
145,2017-03-18,"BC14: Ethereum Foundation Researcher, Absurdist, Troll - Vlad Zamfir",2272.0,BlockChannel,"rgb(101,174,223)"
144,2017-03-20,TBP119 - Shorting the Bull Rally II,2309.0,The Bitcoin Podcast,"rgba(236,159,76,1)"
143,2017-03-21,"BC15: A Hedge on Ethereum, with Numerai",2954.0,BlockChannel,"rgb(101,174,223)"
142,2017-03-25,TBP120 - The Token Protocol,3850.0,The Bitcoin Podcast,"rgba(236,159,76,1)"
141,2017-04-02,TBP121 - Liberty Life Trails,2699.0,The Bitcoin Podcast,"rgba(236,159,76,1)"
140,2017-04-03,"BC16: Partly Cloudy, with a Chance of Ethereum",3031.0,BlockChannel,"rgb(101,174,223)"
139,2017-04-06,TBP122 - Ubitquity Part III,1995.0,The Bitcoin Podcast,"rgba(236,159,76,1)"
138,2017-04-09,TBP123 - AsicBoost Catch 22,2537.0,The Bitcoin Podcast,"rgba(236,159,76,1)"
137,2017-04-12,"BC17: Putting the Fun in Coin, with CoinFund",2063.0,BlockChannel,"rgb(101,174,223)"
136,2017-04-14,BC18: Where You At? What’s Your Status.im?,2093.0,BlockChannel,"rgb(101,174,223)"
135,2017-04-16,TBP124 - Affording the High Risk,3133.0,The Bitcoin Podcast,"rgba(236,159,76,1)"
134,2017-04-20,"BC19: Virtual Land in the Clouds, with Urbit",2328.0,BlockChannel,"rgb(101,174,223)"
133,2017-04-21,Episode #8: On-Ramping with Dee,1955.0,On-Ramping with Dee,"rgb(130,170,52)"
132,2017-04-22,TBP125 - False Narratives and Short Memories,2849.0,The Bitcoin Podcast,"rgba(236,159,76,1)"
131,2017-04-28,"BC20: Building Across the Globe, with ConsenSys",3723.0,BlockChannel,"rgb(101,174,223)"
130,2017-05-01,TBP126 - Litecoin's SegWit Activation,8057.0,The Bitcoin Podcast,"rgba(236,159,76,1)"
129,2017-05-05,Episode #9: On-Ramping with Dee,2840.0,On-Ramping with Dee,"rgb(130,170,52)"
128,2017-05-07,TBP127 - Marketing Discipline,4284.0,The Bitcoin Podcast,"rgba(236,159,76,1)"
127,2017-05-14,TBP128 - Family,3755.0,The Bitcoin Podcast,"rgba(236,159,76,1)"
126,2017-05-21,TBP129 - The Inherent Risks,3942.0,The Bitcoin Podcast,"rgba(236,159,76,1)"
125,2017-05-22,"BC21: Building Unstoppable Organizations, with Aragon",3734.0,BlockChannel,"rgb(101,174,223)"
124,2017-05-27,Announcements with Dr. Petty: Mona.co,2692.0,TBP Announcements,"rgba(0,0,0,0.65)"
123,2017-05-27,"BC22: Tackling the Real Estate Dinosaur, with REX",2816.0,BlockChannel,"rgb(101,174,223)"
122,2017-05-28,TBP130 - Consensus Recap and Sphre,3264.0,The Bitcoin Podcast,"rgba(236,159,76,1)"
121,2017-05-28,Episode #10: On-Ramping with Dee,2492.0,On-Ramping with Dee,"rgb(130,170,52)"
120,2017-05-29,Announcements with Dr. Petty: Patientory,3496.0,TBP Announcements,"rgba(0,0,0,0.65)"
119,2017-06-03,TBP131 - Ending Corporate Dominance,6219.0,The Bitcoin Podcast,"rgba(236,159,76,1)"
118,2017-06-11,TBP132 - Dark Side of the Prism,5004.0,The Bitcoin Podcast,"rgba(236,159,76,1)"
117,2017-06-13,The Ether Review #67: Celebrating Erik Voorhees Week with Erik Voorhees!,3968.0,The Ether Review,"rgba(236,159,76,1)"
284,2017-06-13,The Ether Review #67 — Celebrating Erik Voorhees Week with Erik Voorhees!,206.0,The Ether Review,"rgba(236,159,76,1)"
116,2017-06-16,TBP133 - ICO Woes with MyEtherWallet,5429.0,The Bitcoin Podcast,"rgba(236,159,76,1)"
115,2017-06-17,TBP134 - More Marketing Discipline,5028.0,The Bitcoin Podcast,"rgba(236,159,76,1)"
114,2017-06-20,"BC23: Unmasking the Future, with Metamask",4829.0,BlockChannel,"rgb(101,174,223)"
113,2017-06-20,NABP #1: Sandra Malalah,3383.0,Not Another Bitcoin Podcast,"rgb(255,255,255)"
112,2017-06-21,"BC24: Bringing Crypto to the World, with Prince EA",4012.0,BlockChannel,"rgb(101,174,223)"
111,2017-06-22,Announcements with Dr. Petty: Impak Finance,3763.0,TBP Announcements,"rgba(0,0,0,0.65)"
110,2017-06-24,TBP135 - Yanking Our Blockchain,5987.0,The Bitcoin Podcast,"rgba(236,159,76,1)"
109,2017-06-27,Ether Review Legal Discussion #2 The Legality of Raising Money Using Tokens,4803.0,The Ether Review,"rgba(236,159,76,1)"
108,2017-07-01,NABP #2: Crypto Maak,4252.0,Not Another Bitcoin Podcast,"rgb(255,255,255)"
107,2017-07-02,TBP136 - A New Type of Ownership,5236.0,The Bitcoin Podcast,"rgba(236,159,76,1)"
106,2017-07-04,Episode #11: On-Ramping with Dee,3717.0,On-Ramping with Dee,"rgb(130,170,52)"
105,2017-07-06,NABP #3: Adam Meister,4681.0,Not Another Bitcoin Podcast,"rgb(255,255,255)"
104,2017-07-09,TBP137 - Countdown to SegWit,7911.0,The Bitcoin Podcast,"rgba(236,159,76,1)"
103,2017-07-11,NABP #4: Benjamin Perrin,5063.0,Not Another Bitcoin Podcast,"rgb(255,255,255)"
102,2017-07-12,"The Ether Review #68: Numerai, The Last Hedge Fund",3678.0,The Ether Review,"rgba(236,159,76,1)"
285,2017-07-12,"The Ether Review #68 — Numerai, The Last Hedge Fund",248.0,The Ether Review,"rgba(236,159,76,1)"
101,2017-07-13,NABP #5: Ryan X Charles,4672.0,Not Another Bitcoin Podcast,"rgb(255,255,255)"
100,2017-07-16,TBP138 - The 21st Century 49ers,4526.0,The Bitcoin Podcast,"rgba(236,159,76,1)"
99,2017-07-16,TBP139 - Surviving the BIP 148 UASF,6362.0,The Bitcoin Podcast,"rgba(236,159,76,1)"
98,2017-07-16,"BC25: Building Digital Communities, with District0x",3811.0,BlockChannel,"rgb(101,174,223)"
97,2017-07-19,NABP #6: John Crothers,3786.0,Not Another Bitcoin Podcast,"rgb(255,255,255)"
96,2017-07-19,Ether Review #69: IOTA & the Post-Blockchain Era,6299.0,The Ether Review,"rgba(236,159,76,1)"
286,2017-07-19,Ether Review #69 — IOTA & the Post-Blockchain Era,703.0,The Ether Review,"rgba(236,159,76,1)"
95,2017-07-23,TBP140 - 5G vs 4G and the Future of Mobile Networks,5459.0,The Bitcoin Podcast,"rgba(236,159,76,1)"
94,2017-07-25,Ether Review Legal #3: The Simple Agreement for Future Tokens,3950.0,The Ether Review,"rgba(236,159,76,1)"
93,2017-07-25,"BC26: Off the Grid, with Grid+",4283.0,BlockChannel,"rgb(101,174,223)"
287,2017-07-25,Ether Review Legal #3 — The Simple Agreement for Future Tokens,321.0,The Ether Review,"rgba(236,159,76,1)"
92,2017-07-27,TBP141 - The CMO Primer For the Blockchain World,4774.0,The Bitcoin Podcast,"rgba(236,159,76,1)"
91,2017-07-29,TBP142 - The Need For More Information,5138.0,The Bitcoin Podcast,"rgba(236,159,76,1)"
90,2017-08-01,NABP #7: Marcello,5305.0,Not Another Bitcoin Podcast,"rgb(255,255,255)"
89,2017-08-04,"TBP143 - Damned If You Do, Bored If You Don't",5868.0,The Bitcoin Podcast,"rgba(236,159,76,1)"
288,2017-08-04,"Ether Review Legal #4 — MME, the Beating Heart of Crypto Valley",348.0,The Ether Review,"rgba(236,159,76,1)"
88,2017-08-04,"Ether Review Legal #4: MME, the Beating Heart of Crypto Valley",3935.0,The Ether Review,"rgba(236,159,76,1)"
87,2017-08-06,TBP144 - Tomorrow's Electricity Today,4994.0,The Bitcoin Podcast,"rgba(236,159,76,1)"
86,2017-08-06,Episode #12: On-Ramping with Dee,4543.0,On-Ramping with Dee,"rgb(130,170,52)"
85,2017-08-07,NABP #8: Vortex,4816.0,Not Another Bitcoin Podcast,"rgb(255,255,255)"
84,2017-08-09,TBP145 - Hopes and Fears for Filecoin,7155.0,The Bitcoin Podcast,"rgba(236,159,76,1)"
83,2017-08-13,TBP146 - The Rise and Rise of Charlie Shrem,8547.0,The Bitcoin Podcast,"rgba(236,159,76,1)"
82,2017-08-16,Ether Review #71: David Bailey on Po.et & the MtGox/BTC-e Connection,4316.0,The Ether Review,"rgba(236,159,76,1)"
289,2017-08-16,Ether Review #71 — David Bailey on Po.et & the MtGox/BTC-e Connection,356.0,The Ether Review,"rgba(236,159,76,1)"
81,2017-08-16,TBP147 - History of Security,5273.0,The Bitcoin Podcast,"rgba(236,159,76,1)"
80,2017-08-17,BC27: Po.et and We Didn't Even Know It,4918.0,BlockChannel,"rgb(101,174,223)"
79,2017-08-17,"BC28: Securing the Metaverse, with Decentraland",5076.0,BlockChannel,"rgb(101,174,223)"
78,2017-08-20,TBP148 - Controversial Persona,6186.0,The Bitcoin Podcast,"rgba(236,159,76,1)"
77,2017-08-22,"Buy or Sell, What the Hell #1",6383.0,"Buy or Sell, What the Hell","rgb(247,195,24)"
76,2017-08-22,NABP #9: JP Richardson,5392.0,Not Another Bitcoin Podcast,"rgb(255,255,255)"
75,2017-08-27,TBP149 - The Rivetz Security Project,5710.0,The Bitcoin Podcast,"rgba(236,159,76,1)"
74,2017-08-28,Episode #13: On-Ramping with Dee,5472.0,On-Ramping with Dee,"rgb(130,170,52)"
73,2017-08-28,Ether Review Legal #5: BernsWeiss Stops the IRS in its Tracks,4538.0,The Ether Review,"rgba(236,159,76,1)"
290,2017-08-28,Ether Review Legal #5 — BernsWeiss Stops the IRS in its Tracks,392.0,The Ether Review,"rgba(236,159,76,1)"
72,2017-09-01,NABP #10: Benjamin Semchee,4300.0,Not Another Bitcoin Podcast,"rgb(255,255,255)"
71,2017-09-01,BC29: Making Sense of Cent.co,5314.0,BlockChannel,"rgb(101,174,223)"
69,2017-09-04,NABP #11: Ozzy The BS Filter,5594.0,Not Another Bitcoin Podcast,"rgb(255,255,255)"
70,2017-09-04,TBP150 - EGO with ETH,5644.0,The Bitcoin Podcast,"rgba(236,159,76,1)"
68,2017-09-04,"Buy or Sell, What the Hell #2",5654.0,"Buy or Sell, What the Hell","rgb(247,195,24)"
67,2017-09-07,TBP151 - Crypto Boom Boom Room,5332.0,The Bitcoin Podcast,"rgba(236,159,76,1)"
66,2017-09-08,An Ethereum Podcast: Episode #1,6973.0,An Ethereum Podcast,"rgb(105,107,165)"
65,2017-09-10,TBP152 - Pally on the Block,5994.0,The Bitcoin Podcast,"rgba(236,159,76,1)"
64,2017-09-12,Episode #14: On-Ramping with Dee,5458.0,On-Ramping with Dee,"rgb(130,170,52)"
63,2017-09-15,Ether Review Legal #6: Playing in a Sandbox,4568.0,The Ether Review,"rgba(236,159,76,1)"
291,2017-09-15,Ether Review Legal #6 — Playing in a Sandbox,481.0,The Ether Review,"rgba(236,159,76,1)"
62,2017-09-17,TBP153 - Bitcoin Sell Out,6072.0,The Bitcoin Podcast,"rgba(236,159,76,1)"
61,2017-09-18,Episode #15: On-Ramping with Dee,4011.0,On-Ramping with Dee,"rgb(130,170,52)"
60,2017-09-19,An Ethereum Podcast: Episode #2,5549.0,An Ethereum Podcast,"rgb(105,107,165)"
59,2017-09-22,TBP154 - Bitcoin For The Bottom Billion Pt. 2,4818.0,The Bitcoin Podcast,"rgba(236,159,76,1)"
58,2017-09-24,TBP155 - Crypto Swan Song,4776.0,The Bitcoin Podcast,"rgba(236,159,76,1)"
57,2017-09-25,Episode #16: On-Ramping with Dee,4444.0,On-Ramping with Dee,"rgb(130,170,52)"
56,2017-09-27,An Ethereum Podcast: Episode #3,4859.0,An Ethereum Podcast,"rgb(105,107,165)"
55,2017-09-27,BC30: To Bee or Not to Bee,4173.0,BlockChannel,"rgb(101,174,223)"
54,2017-09-28,TBP156 - Combined Forces for Better Results,5116.0,The Bitcoin Podcast,"rgba(236,159,76,1)"
53,2017-10-01,TBP157 - Modern Day Gold Rush Pt. II,4962.0,The Bitcoin Podcast,"rgba(236,159,76,1)"
52,2017-10-02,"Buy or Sell, What the Hell #3",4971.0,"Buy or Sell, What the Hell","rgb(247,195,24)"
51,2017-10-03,Episode #17: On-Ramping with Dee,4404.0,On-Ramping with Dee,"rgb(130,170,52)"
50,2017-10-04,An Ethereum Podcast: Episode #4,5750.0,An Ethereum Podcast,"rgb(105,107,165)"
48,2017-10-05,TBP158 - The Credit Protocol,4673.0,The Bitcoin Podcast,"rgba(236,159,76,1)"
49,2017-10-05,"The Ether Review #73: Kik, Establishing a Micro-economy",3532.0,The Ether Review,"rgba(236,159,76,1)"
292,2017-10-05,"The Ether Review #73 — Kik, Establishing a Micro-economy",528.0,The Ether Review,"rgba(236,159,76,1)"
47,2017-10-06,TBP Announcements: DOVU,4461.0,TBP Announcements,"rgba(0,0,0,0.65)"
46,2017-10-08,TBP159 - Diary of a Made Man,6116.0,The Bitcoin Podcast,"rgba(236,159,76,1)"
45,2017-10-14,"BC31: Settling the Score, with CoinScore",4687.0,BlockChannel,"rgb(101,174,223)"
44,2017-10-15,TBP160 - Bitcoin Beats,4978.0,The Bitcoin Podcast,"rgba(236,159,76,1)"
43,2017-10-16,"BC32: Greasing the Blockchain, with Spankchain",4858.0,BlockChannel,"rgb(101,174,223)"
42,2017-10-17,TBP Announcements: Simply Vital Health,4670.0,TBP Announcements,"rgba(0,0,0,0.65)"
41,2017-10-20,An Ethereum Podcast: Episode #5,5131.0,An Ethereum Podcast,"rgb(105,107,165)"
40,2017-10-22,TBP Announcements: STACK,4581.0,TBP Announcements,"rgba(0,0,0,0.65)"
39,2017-10-22,TBP161 - A Foundation for the Data Economy,5683.0,The Bitcoin Podcast,"rgba(236,159,76,1)"
37,2017-10-26,TBP162 - Sweet Talk,5441.0,The Bitcoin Podcast,"rgba(236,159,76,1)"
35,2017-10-27,"Buy or Sell, What the Hell #4",5990.0,"Buy or Sell, What the Hell","rgb(247,195,24)"
36,2017-10-27,"BC33: Incentivizing Creators Online, with Props",4535.0,BlockChannel,"rgb(101,174,223)"
34,2017-10-29,TBP163 - Savings and Savior,5083.0,The Bitcoin Podcast,"rgba(236,159,76,1)"
33,2017-10-30,TBP164 - The Benefits of Familiarity,5632.0,The Bitcoin Podcast,"rgba(236,159,76,1)"
32,2017-11-03,Devcon3: Recap Part 1,6080.0,The Bitcoin Podcast,"rgba(236,159,76,1)"
31,2017-11-05,TBP165 - Praise for Cryptoassets,5624.0,The Bitcoin Podcast,"rgba(236,159,76,1)"
30,2017-11-05,Devcon3: Recap Part 2,6852.0,The Bitcoin Podcast,"rgba(236,159,76,1)"
29,2017-11-12,TBP166 - ATMs and ICOs,7102.0,The Bitcoin Podcast,"rgba(236,159,76,1)"
28,2017-11-15,TBP Announcements: Globitex,5457.0,TBP Announcements,"rgba(0,0,0,0.65)"
27,2017-11-16,TBP Announcements: Quantstamp,5297.0,TBP Announcements,"rgba(0,0,0,0.65)"
26,2017-11-19,TBP167 - The Broader Economy III,8440.0,The Bitcoin Podcast,"rgba(236,159,76,1)"
25,2017-11-19,TBP Announcements: Simple Token,5504.0,TBP Announcements,"rgba(0,0,0,0.65)"
24,2017-11-23,"BC34: Developers Developers Developers, with Zastrin.com",5731.0,BlockChannel,"rgb(101,174,223)"
23,2017-11-26,"TBP168 - Passion, Pain & Unicorn Slayin'",7064.0,The Bitcoin Podcast,"rgba(236,159,76,1)"
22,2017-11-27,TBP Announcements: Coinfirm,5758.0,TBP Announcements,"rgba(0,0,0,0.65)"
21,2017-11-27,TBP169 - Monetary Revolution,7270.0,The Bitcoin Podcast,"rgba(236,159,76,1)"
20,2017-11-30,TBP Announcements: Crowd Machine,5900.0,TBP Announcements,"rgba(0,0,0,0.65)"
19,2017-11-30,An Ethereum Podcast: Episode #6,7936.0,An Ethereum Podcast,"rgb(105,107,165)"
18,2017-12-03,TBP170 - A New Kind of Legal,7764.0,The Bitcoin Podcast,"rgba(236,159,76,1)"
17,2017-12-05,An Ethereum Podcast: Episode #7,8310.0,An Ethereum Podcast,"rgb(105,107,165)"
16,2017-12-08,TBP Announcements: CoinFi,6063.0,TBP Announcements,"rgba(0,0,0,0.65)"
15,2017-12-09,"Buy or Sell, What the Hell #5",7700.0,"Buy or Sell, What the Hell","rgb(247,195,24)"
14,2017-12-09,TBP Announcements: LoyalCoin,6240.0,TBP Announcements,"rgba(0,0,0,0.65)"
13,2017-12-09,TBP171 - The Future of Giving,6404.0,The Bitcoin Podcast,"rgba(236,159,76,1)"
12,2017-12-10,An Ethereum Podcast: Episode #8,7078.0,An Ethereum Podcast,"rgb(105,107,165)"
11,2017-12-11,Monero Monitor: Mimblewimble with Andrew Poelstra,10344.0,The Bitcoin Podcast,"rgba(236,159,76,1)"
10,2017-12-17,TBP172 - Life After Silicon Valley,8276.0,The Bitcoin Podcast,"rgba(236,159,76,1)"
9,2017-12-19,"BC35: Deciphering What’s New, with NuCypher",6468.0,BlockChannel,"rgb(101,174,223)"
8,2017-12-19,An Ethereum Podcast: Episode #9,7612.0,An Ethereum Podcast,"rgb(105,107,165)"
6,2017-12-21,NABP #12: Jimmy Song,7665.0,Not Another Bitcoin Podcast,"rgb(255,255,255)"
7,2017-12-21,TBP173 - Surprising Insights,7574.0,The Bitcoin Podcast,"rgba(236,159,76,1)"
5,2017-12-22,TBP Announcements: Bluezelle,5896.0,TBP Announcements,"rgba(0,0,0,0.65)"
4,2017-12-23,TBP174 - Determining the Reliability of Sources,7639.0,The Bitcoin Podcast,"rgba(236,159,76,1)"
3,2017-12-26,An Ethereum Podcast: Episode #10,8442.0,An Ethereum Podcast,"rgb(105,107,165)"
2,2017-12-27,NABP #13: Peter Saddington,7978.0,Not Another Bitcoin Podcast,"rgb(255,255,255)"
1,2017-12-31,TBP175 - Superconferencing,7954.0,The Bitcoin Podcast,"rgba(236,159,76,1)"
0,2018-01-03,TBP Announcements: ZeroSum Markets,6637.0,TBP Announcements,"rgba(0,0,0,0.65)"
293,2018-01-07,TBP176 - Even More Marketing Discipline,7008.0,The Bitcoin Podcast,"rgba(236,159,76,1)"
294,2018-01-08,TBP Announcements: DubToken,6993.0,TBP Announcements,"rgba(0,0,0,0.65)"
295,2018-01-10,TBP177 - Internet of A New Generation,7559.0,The Bitcoin Podcast,"rgba(236,159,76,1)"
296,2018-01-10,NABP #14: Chris Rice,7213.0,Not Another Bitcoin Podcast,"rgb(255,255,255)"
297,2018-01-14,NABP #15: Lauren Slade,6607.0,Not Another Bitcoin Podcast,"rgb(255,255,255)"
298,2018-01-14,TBP178 - Paving the Road to Self-Sovereign Identity,7272.0,The Bitcoin Podcast,"rgba(236,159,76,1)"
299,2018-01-15,Episode #18: On-Ramping with Dee,6133.0,On-Ramping with Dee,"rgb(130,170,52)"
300,2018-01-16,"BC36: Coinbase, Women, and Empowerment, with Kristen Stone",6437.0,BlockChannel,"rgb(101,174,223)"
301,2018-01-17,TBP Announcements: DNOTES,6257.0,TBP Announcements,"rgba(0,0,0,0.65)"
302,2018-01-18,An Ethereum Podcast: Episode #11,8178.0,An Ethereum Podcast,"rgb(105,107,165)"
303,2018-01-21,TBP179 - Innovations and Healthcare,7460.0,The Bitcoin Podcast,"rgba(236,159,76,1)"
304,2018-01-22,"TBP180 - Witnesses, Victims and Participants",6909.0,The Bitcoin Podcast,"rgba(236,159,76,1)"
307,2018-01-25,"BC37: Smart Contracts Everywhere, with Ivy and Chain.com",6620.0,BlockChannel,"rgb(101,174,223)"
306,2018-01-25,"Crypto Until Infinity #1: Musicoin - More Power, More Money",6672.0,Crypto Until Infinity,#cce5e5
305,2018-01-25,"Buy or Sell, What the Hell #6",6338.0,"Buy or Sell, What the Hell","rgb(247,195,24)"
308,2018-01-28,TBP181 - Disrupting the Antivirus Market,7191.0,The Bitcoin Podcast,"rgba(236,159,76,1)"
309,2018-01-31,An Ethereum Podcast: Episode #12,6762.0,An Ethereum Podcast,"rgb(105,107,165)"
310,2018-02-01,"Buy or Sell, What the Hell #7",6529.0,"Buy or Sell, What the Hell","rgb(247,195,24)"
311,2018-02-02,TBP Announcements: TrustToken,5806.0,TBP Announcements,"rgba(0,0,0,0.65)"
312,2018-02-02,"Buy or Sell, What the Hell #8",7019.0,"Buy or Sell, What the Hell","rgb(247,195,24)"
313,2018-02-02,TBP Announcements: Synapse AI,6082.0,TBP Announcements,"rgba(0,0,0,0.65)"
314,2018-02-04,TBP182 - Facilitating Positive Change,6816.0,The Bitcoin Podcast,"rgba(236,159,76,1)"
315,2018-02-06,Episode #19: On-Ramping with Dee,5991.0,On-Ramping with Dee,"rgb(130,170,52)"
316,2018-02-07,TBP Announcements: Bankera,6001.0,TBP Announcements,"rgba(0,0,0,0.65)"
317,2018-02-07,"Buy or Sell, What the Hell #9",6258.0,"Buy or Sell, What the Hell","rgb(247,195,24)"
318,2018-02-08,TBP183 - Stampeding with the Big Blue Bull,6455.0,The Bitcoin Podcast,"rgba(236,159,76,1)"
319,2018-02-08,Crypto Until Infinity #2: Music and Smart Contracts,5886.0,Crypto Until Infinity,#cce5e5
320,2018-02-09,"Buy or Sell, What the Hell #10",6835.0,"Buy or Sell, What the Hell","rgb(247,195,24)"
321,2018-02-11,TBP184 - MyCrypto and the Current State of the Network,8707.0,The Bitcoin Podcast,"rgba(236,159,76,1)"
322,2018-02-14,"Buy or Sell, What the Hell #11",7830.0,"Buy or Sell, What the Hell","rgb(247,195,24)"
323,2018-02-18,TBP185 - Blockchain Solutions & Boosie Badazz,7435.0,The Bitcoin Podcast,"rgba(236,159,76,1)"
324,2018-02-22,TBP186 - Generational Wealth and Uncle Sam's Surprise,6538.0,The Bitcoin Podcast,"rgba(236,159,76,1)"
325,2018-02-23,Crypto Until Infinity #3: Vegas Vibes,6378.0,Crypto Until Infinity,#cce5e5
326,2018-02-25,TBP187 - Vision of a Decentralized World,6899.0,The Bitcoin Podcast,"rgba(236,159,76,1)"
327,2018-02-27,"Buy or Sell, What the Hell #12",6517.0,"Buy or Sell, What the Hell","rgb(247,195,24)"
328,2018-02-28,"Buy or Sell, What the Hell #13",5806.0,"Buy or Sell, What the Hell","rgb(247,195,24)"
329,2018-02-28,An Ethereum Podcast: Episode #13,6565.0,An Ethereum Podcast,"rgb(105,107,165)"
330,2018-03-02,Creating a Humanist Blockchain Future #33,5817.0,Creating a Humanist Blockchain Future,"rgb(210,20,4)"
331,2018-03-04,TBP188 - Hello Crypto Kitty,5968.0,The Bitcoin Podcast,"rgba(236,159,76,1)"
332,2018-03-04,Episode #20: On-Ramping with Dee,6019.0,On-Ramping with Dee,"rgb(130,170,52)"
333,2018-03-07,"Buy or Sell, What the Hell #14: A Lawyer's Perspective",5701.0,"Buy or Sell, What the Hell","rgb(247,195,24)"
334,2018-03-08,TBP189 - The Innovative Investor,6158.0,The Bitcoin Podcast,"rgba(236,159,76,1)"
335,2018-03-09,Crypto Until Infinity #4: Another Side of Hip-Hop and Crypto,5274.0,Crypto Until Infinity,#cce5e5
336,2018-03-09,"Buy or Sell, What the Hell #15: Have a Plan, Have a Process",5989.0,"Buy or Sell, What the Hell","rgb(247,195,24)"
337,2018-03-11,TBP190 - Welterweight Gold II,5605.0,The Bitcoin Podcast,"rgba(236,159,76,1)"
338,2018-03-12,Episode #21: On-Ramping with Dee,5736.0,On-Ramping with Dee,"rgb(130,170,52)"
339,2018-03-14,"Buy or Sell, What the Hell #16: Wishful Thinking",5871.0,"Buy or Sell, What the Hell","rgb(247,195,24)"
340,2018-03-16,TBP Presents: Social Implementations of Blockchain Infrastructure ,5285.0,The Bitcoin Podcast,"rgba(236,159,76,1)"
341,2018-03-16,"Buy or Sell, What the Hell #17: Confidence is Key",5256.0,"Buy or Sell, What the Hell","rgb(247,195,24)"
343,2018-03-17,TBP191 - Beards and Blockchains,5782.0,The Bitcoin Podcast,"rgba(236,159,76,1)"
342,2018-03-17,Creating a Humanist Blockchain Future #34,5242.0,Creating a Humanist Blockchain Future,"rgb(210,20,4)"
344,2018-03-19,Episode #22: On-Ramping with Dee,5517.0,On-Ramping with Dee,"rgb(130,170,52)"
345,2018-03-20,"Buy or Sell, What the Hell #18: Joint Economics Reporting",5620.0,"Buy or Sell, What the Hell","rgb(247,195,24)"
346,2018-03-21,An Ethereum Podcast: Episode #14,5820.0,An Ethereum Podcast,"rgb(105,107,165)"
347,2018-03-21,TBP Announcements: Horizon Communications,5073.0,TBP Announcements,"rgba(0,0,0,0.65)"
348,2018-03-23,Crypto Until Infinity #5: Bipolar Markets,5069.0,Crypto Until Infinity,#cce5e5
349,2018-03-23,TBP Announcements: Cryptyk,5239.0,TBP Announcements,"rgba(0,0,0,0.65)"
350,2018-03-25,TBP192 - New Year and a New Exchange,5610.0,The Bitcoin Podcast,"rgba(236,159,76,1)"
351,2018-03-26,Creating a Humanist Blockchain Future #35,5400.0,Creating a Humanist Blockchain Future,"rgb(210,20,4)"
352,2018-03-28,"Buy or Sell, What the Hell #19: What's a DAICO?",5678.0,"Buy or Sell, What the Hell","rgb(247,195,24)"
353,2018-03-29,TBP193 - Necessary Solutions,5486.0,The Bitcoin Podcast,"rgba(236,159,76,1)"
354,2018-04-01,TBP194 - Edge Security,5424.0,The Bitcoin Podcast,"rgba(236,159,76,1)"
355,2018-04-03,"Buy or Sell, What the Hell #20: Decentralize all the Exchanges",5593.0,"Buy or Sell, What the Hell","rgb(247,195,24)"
356,2018-04-05,Creating a Humanist Blockchain Future #36,4785.0,Creating a Humanist Blockchain Future,"rgb(210,20,4)"
357,2018-04-06,Crypto Until Infinity #6: Let's Network,4782.0,Crypto Until Infinity,#cce5e5
358,2018-04-06,"Buy or Sell, What the Hell #21: Working the Bear Market",5624.0,"Buy or Sell, What the Hell","rgb(247,195,24)"
359,2018-04-08,TBP195 - Enabling the Underserved,5650.0,The Bitcoin Podcast,"rgba(236,159,76,1)"
360,2018-04-11,Creating a Humanist Blockchain Future #37,4685.0,Creating a Humanist Blockchain Future,"rgb(210,20,4)"
361,2018-04-12,TBP196 - Ethereum 4 Impact,5656.0,The Bitcoin Podcast,"rgba(236,159,76,1)"
362,2018-04-14,"Buy or Sell, What the Hell #22: Bitcoin Power Level is approaching 9000!",4937.0,"Buy or Sell, What the Hell","rgb(247,195,24)"
363,2018-04-15,TBP197 - Crypto and Illicit Finance Trends,5829.0,The Bitcoin Podcast,"rgba(236,159,76,1)"
364,2018-04-18,"Buy or Sell, What the Hell #23: Easy on the Regulations?",5420.0,"Buy or Sell, What the Hell","rgb(247,195,24)"
365,2018-04-20,Creating a Humanist Blockchain Future #38,4319.0,Creating a Humanist Blockchain Future,"rgb(210,20,4)"
366,2018-04-20,Crypto Until Infinity #7: Thank You,4568.0,Crypto Until Infinity,#cce5e5
367,2018-04-20,"Buy or Sell, What the Hell #24: Price Prediction of $240,000",5667.0,"Buy or Sell, What the Hell","rgb(247,195,24)"
368,2018-04-22,TBP198 - Ubitquity Part IV,5606.0,The Bitcoin Podcast,"rgba(236,159,76,1)"
370,2018-04-25,TBP Announcements: Quarteria,4479.0,TBP Announcements,"rgba(0,0,0,0.65)"
369,2018-04-25,"Buy or Sell, What the Hell #25: Building a Crypto Portfolio",4933.0,"Buy or Sell, What the Hell","rgb(247,195,24)"
371,2018-04-26,An Ethereum Podcast: Episode #15,5777.0,An Ethereum Podcast,"rgb(105,107,165)"
372,2018-04-28,Just The Headers #1,4852.0,The Bitcoin Podcast,"rgba(236,159,76,1)"
373,2018-04-29,TBP199 - Tattoo Us On Your Body,5208.0,The Bitcoin Podcast,"rgba(236,159,76,1)"
374,2018-05-02,Hashing It Out #5: Zaki Manian,4544.0,Hashing It Out,#6dc3d7
375,2018-05-02,TBP Announcements: Startup Societies Summit,4803.0,TBP Announcements,"rgba(0,0,0,0.65)"
377,2018-05-04,Just The Headers #2,5185.0,The Bitcoin Podcast,"rgba(236,159,76,1)"
376,2018-05-04,Crypto Until Infinity #8: Late Legislation,4782.0,Crypto Until Infinity,#cce5e5
378,2018-05-06,TBP #200 - Keni Styles,5275.0,The Bitcoin Podcast,"rgba(236,159,76,1)"
379,2018-05-08,Hashing It Out #6: Stuart Popejoy,5108.0,Hashing It Out,#6dc3d7
380,2018-05-10,TBP #201 - Kelcey Gosserand,4631.0,The Bitcoin Podcast,"rgba(236,159,76,1)"
382,2018-05-11,TBP Announcements: Arweave,4554.0,TBP Announcements,"rgba(0,0,0,0.65)"
381,2018-05-11,Just The Headers #3,4226.0,The Bitcoin Podcast,"rgba(236,159,76,1)"
383,2018-05-13,TBP #202 - Roger Ver,5581.0,The Bitcoin Podcast,"rgba(236,159,76,1)"
384,2018-05-14,Creating a Humanist Blockchain Future #39,4720.0,Creating a Humanist Blockchain Future,"rgb(210,20,4)"
385,2018-05-15,Hashing It Out #7: MIMIR Blockchain Solutions,4870.0,Hashing It Out,#6dc3d7
386,2018-05-17,TBP #203 - Gilbert Darrell,5350.0,The Bitcoin Podcast,"rgba(236,159,76,1)"
387,2018-05-20,TBP #204 - Chris DeRose,4829.0,The Bitcoin Podcast,"rgba(236,159,76,1)"
388,2018-05-22,Crypto Until Infinity #9: The Pharcyde Of Things,4054.0,Crypto Until Infinity,#cce5e5
389,2018-05-22,Hashing It Out #8: Mahnush Movahedi,4802.0,Hashing It Out,#6dc3d7
390,2018-05-22,Just The Headers #4,4713.0,The Bitcoin Podcast,"rgba(236,159,76,1)"
391,2018-05-24,Creating a Humanist Blockchain Future #40,4562.0,Creating a Humanist Blockchain Future,"rgb(210,20,4)"
392,2018-05-25,Just The Headers #5,4710.0,The Bitcoin Podcast,"rgba(236,159,76,1)"
393,2018-05-27,TBP #205 - The Cool Kids,4893.0,The Bitcoin Podcast,"rgba(236,159,76,1)"
394,2018-05-30,Hashing It Out #9: Rick Dudley,4504.0,Hashing It Out,#6dc3d7
395,2018-05-30,TBP Announcements: Ransu Salovaara,4175.0,TBP Announcements,"rgba(0,0,0,0.65)"
396,2018-05-31,TBP #206 - The Crypto Dog,5134.0,The Bitcoin Podcast,"rgba(236,159,76,1)"
397,2018-06-01,Crypto Until Infinity #10: Summer Madness,4625.0,Crypto Until Infinity,#cce5e5
398,2018-06-03,Just The Headers #6,4277.0,The Bitcoin Podcast,"rgba(236,159,76,1)"
399,2018-06-04,Creating a Humanist Blockchain Future #41,4650.0,Creating a Humanist Blockchain Future,"rgb(210,20,4)"
401,2018-06-06,TBP Announcements: Izzy Care,834.0,TBP Announcements,"rgba(0,0,0,0.65)"
400,2018-06-06,TBP #207 - Haseeb Qureshi,4434.0,The Bitcoin Podcast,"rgba(236,159,76,1)"
402,2018-06-07,Hashing It Out #10: TrueBit - Harley Swick,4346.0,Hashing It Out,#6dc3d7
403,2018-06-08,"Crypto Until Infinity #11: Fidelity, Coinbase, and Securities on the Blockchain",3964.0,Crypto Until Infinity,#cce5e5
404,2018-06-08,Just The Headers #7,4474.0,The Bitcoin Podcast,"rgba(236,159,76,1)"
405,2018-06-10,TBP #208 - Taylor Pearson,5022.0,The Bitcoin Podcast,"rgba(236,159,76,1)"
406,2018-06-14,"Hashing It Out #11: NuCypher - John ""Tux"" Pacific & David Nunez",4284.0,Hashing It Out,#6dc3d7
407,2018-06-15,Just The Headers #8,3727.0,The Bitcoin Podcast,"rgba(236,159,76,1)"
408,2018-06-16,TBP Announcements: UNCLOAK.io,4008.0,TBP Announcements,"rgba(0,0,0,0.65)"
409,2018-06-17,Crypto Until Infinity #12: All Eyez On Bitcoin,4314.0,Crypto Until Infinity,#cce5e5
410,2018-06-18,TBP #209 - Emin Gün Sirer,4519.0,The Bitcoin Podcast,"rgba(236,159,76,1)"
411,2018-06-19,TBP Announcements: Contentbox/Castbox,3861.0,TBP Announcements,"rgba(0,0,0,0.65)"
412,2018-06-19,Hashing It Out #12: Full Casper Chain v2 - Casper + Sharding,4447.0,Hashing It Out,#6dc3d7
413,2018-06-20,TBP Flashback: Episode 22,4028.0,The Bitcoin Podcast,"rgba(236,159,76,1)"
414,2018-06-22,TBP Announcements: IzzyCare,3791.0,TBP Announcements,"rgba(0,0,0,0.65)"
415,2018-06-22,Just The Headers #9,3822.0,The Bitcoin Podcast,"rgba(236,159,76,1)"
416,2018-06-23,Crypto Until Infinity #13: Blockchain Music Festivals and More Integration,3834.0,Crypto Until Infinity,#cce5e5
417,2018-06-23,Hashing It Out #13: Logan Brutsche - Crypto Primitives Class,3944.0,Hashing It Out,#6dc3d7
418,2018-06-24,TBP #210 - Felipe Sant Ana,4229.0,The Bitcoin Podcast,"rgba(236,159,76,1)"
420,2018-06-25,Creating a Humanist Blockchain Future #42,4300.0,Creating a Humanist Blockchain Future,"rgb(210,20,4)"
419,2018-06-25,TBP Announcements: XYO Network,3731.0,TBP Announcements,"rgba(0,0,0,0.65)"
421,2018-06-26,TBP Announcements: One Game,4045.0,TBP Announcements,"rgba(0,0,0,0.65)"
422,2018-06-28,TBP Announcements: Deedcoin,3678.0,TBP Announcements,"rgba(0,0,0,0.65)"
423,2018-06-29,Just The Headers #10,3714.0,The Bitcoin Podcast,"rgba(236,159,76,1)"
424,2018-06-29,TBP Announcements: Airstayz,3815.0,TBP Announcements,"rgba(0,0,0,0.65)"
425,2018-06-30,The Bitcoin Podcast #211: Jimmy Song,4370.0,The Bitcoin Podcast,"rgba(236,159,76,1)"
426,2018-07-01,Crypto Until Infinity #14: Blockchain Music Platforms and Scams,4338.0,Crypto Until Infinity,#cce5e5
427,2018-07-03,TBP Announcements: Fr8 Network,3984.0,TBP Announcements,"rgba(0,0,0,0.65)"
428,2018-07-05,Hashing It Out #14: Thaer Khawaja - Masari,4288.0,Hashing It Out,#6dc3d7
431,2018-07-06,Crypto Until Infinity #15: A Midsummer's Playlist,3784.0,Crypto Until Infinity,#cce5e5
429,2018-07-06,Just The Headers #11,3827.0,The Bitcoin Podcast,"rgba(236,159,76,1)"
430,2018-07-06,Creating a Humanist Blockchain Future #43,4230.0,Creating a Humanist Blockchain Future,"rgb(210,20,4)"
432,2018-07-09,The Bitcoin Podcast #212: Alex Bosworth,4336.0,The Bitcoin Podcast,"rgba(236,159,76,1)"
433,2018-07-11,TBP Announcements: Fuel Games,3646.0,TBP Announcements,"rgba(0,0,0,0.65)"
434,2018-07-11,Hashing It Out #15: Ryan John King & Kristoffer Josefsson - FOAM,3991.0,Hashing It Out,#6dc3d7
435,2018-07-12,TBP Announcements: Block66,3915.0,TBP Announcements,"rgba(0,0,0,0.65)"
436,2018-07-13,Just The Headers #12,4154.0,The Bitcoin Podcast,"rgba(236,159,76,1)"
437,2018-07-14,"Crypto Until Infinity #16: Coinbase To Add More Assets, Calling All Black Crypto Enthusiasts",4120.0,Crypto Until Infinity,#cce5e5
438,2018-07-15,The Bitcoin Podcast #213: Clay Collins,4350.0,The Bitcoin Podcast,"rgba(236,159,76,1)"
439,2018-07-16,TBP Announcements: Fluzcoin,3829.0,TBP Announcements,"rgba(0,0,0,0.65)"
440,2018-07-18,Hashing It Out #16: Fr8 Protocol Team,3636.0,Hashing It Out,#6dc3d7
441,2018-07-18,TBP Flashback: Episode 7,3806.0,The Bitcoin Podcast,"rgba(236,159,76,1)"
442,2018-07-19,Creating a Humanist Blockchain Future #44,3866.0,Creating a Humanist Blockchain Future,"rgb(210,20,4)"
443,2018-07-20,Crypto Until Infinity #17: Are Blockchain Music Platforms Worth It?,4021.0,Crypto Until Infinity,#cce5e5
444,2018-07-21,Just The Headers #13,3728.0,The Bitcoin Podcast,"rgba(236,159,76,1)"
445,2018-07-22,The Bitcoin Podcast #214: Dan Boneh,4947.0,The Bitcoin Podcast,"rgba(236,159,76,1)"
446,2018-07-24,TBP Announcements: TrustToken,3763.0,TBP Announcements,"rgba(0,0,0,0.65)"
448,2018-07-27,Just the Headers #14,3784.0,Just the Headers,#2f2e43
447,2018-07-27,Creating a Humanist Blockchain Future #45,3902.0,Creating a Humanist Blockchain Future,"rgb(210,20,4)"
449,2018-07-29,The Bitcoin Podcast #215: Isaiah Jackson a.k.a. Bitcoin Zay,4363.0,The Bitcoin Podcast,"rgba(236,159,76,1)"
450,2018-07-31,Crypto Until Infinity #18: Music and Charity,3769.0,Crypto Until Infinity,#cce5e5
451,2018-08-01,Hashing It Out #17: Modular - Chris Brown & Will Dias,3619.0,Hashing It Out,#6dc3d7
452,2018-08-02,The Bitcoin Podcast #216: Naomi Brockwell,3977.0,The Bitcoin Podcast,"rgba(236,159,76,1)"
453,2018-08-03,Just the Headers #15,3652.0,Just the Headers,#2f2e43
454,2018-08-03,Creating a Humanist Blockchain Future #46,3597.0,Creating a Humanist Blockchain Future,"rgb(210,20,4)"
455,2018-08-04,The Bitcoin Podcast #217: Rory MacDonald,4007.0,The Bitcoin Podcast,"rgba(236,159,76,1)"
456,2018-08-05,Episode #23: On-Ramping with Dee,3892.0,On-Ramping with Dee,"rgb(130,170,52)"
457,2018-08-07,"Crypto Until Infinity #19: Crypto For WordPress, Crypto For Starbucks, Crypto For Everyone",3795.0,Crypto Until Infinity,#cce5e5
458,2018-08-08,TBP Announcements: Sirin Labs,3729.0,TBP Announcements,"rgba(0,0,0,0.65)"
459,2018-08-09,Hashing It Out #18: Origin Protocol - Stan James,3696.0,Hashing It Out,#6dc3d7
460,2018-08-10,Just the Headers #16,3936.0,Just the Headers,#2f2e43
461,2018-08-10,TBP Announcements: MXC Foundation,3415.0,TBP Announcements,"rgba(0,0,0,0.65)"
462,2018-08-12,The Bitcoin Podcast #218: Saifedean Ammous,4198.0,The Bitcoin Podcast,"rgba(236,159,76,1)"
463,2018-08-13,Creating a Humanist Blockchain Future #47,3862.0,Creating a Humanist Blockchain Future,"rgb(210,20,4)"
464,2018-08-14,Crypto Until Infinity #20: Making Money While Bitcoin Falls,4151.0,Crypto Until Infinity,#cce5e5
465,2018-08-15,TBP Announcements: CoolWallet S,3485.0,TBP Announcements,"rgba(0,0,0,0.65)"
466,2018-08-16,TBP Flashback: Episode 35,3663.0,The Bitcoin Podcast,"rgba(236,159,76,1)"
467,2018-08-17, Just the Headers #17,3830.0,Just the Headers,#2f2e43
468,2018-08-18,The Bitcoin Podcast #219: Andreas Antonopoulos,5585.0,The Bitcoin Podcast,"rgba(236,159,76,1)"
469,2018-08-20,Creating a Humanist Blockchain Future #48,3720.0,Creating a Humanist Blockchain Future,"rgb(210,20,4)"
470,2018-08-21,The Bull Pen Podcast #0: Cheating on My Girlfriend with Blockfolio,3506.0,The Bull Pen Podcast,"rgb(247,195,24)"
471,2018-08-21,The Bull Pen Podcast #1: Strip Clubs with No Fiat?,3750.0,The Bull Pen Podcast,"rgb(247,195,24)"
472,2018-08-22,Hashing It Out #19: Gitcoin - Kevin Owocki,3264.0,Hashing It Out,#6dc3d7
473,2018-08-22,TBP Announcements: HealthCoin Plus,3856.0,TBP Announcements,"rgba(0,0,0,0.65)"
474,2018-08-24,TBP Announcements: RigoBlock,3259.0,TBP Announcements,"rgba(0,0,0,0.65)"
475,2018-08-24,Just the Headers #18,3940.0,Just the Headers,#2f2e43
476,2018-08-26,The Bitcoin Podcast #220: Andrew Yang,4580.0,The Bitcoin Podcast,"rgba(236,159,76,1)"
478,2018-08-28,The Bull Pen Podcast #2: Blackout,3759.0,The Bull Pen Podcast,"rgb(247,195,24)"
477,2018-08-28,Crypto Until Infinity #21: Hawaii Vibes,3263.0,Crypto Until Infinity,#cce5e5
479,2018-08-29,Hashing It Out #20: Quantstamp - Kacper Bak,3466.0,Hashing It Out,#6dc3d7
480,2018-08-29,Dose of Ether #1: Keeping Up DAppearances,4284.0,Does of Ether,#a2a2a2
481,2018-09-01,Just the Headers #19,3550.0,Just the Headers,#2f2e43
482,2018-09-02,The Bitcoin Podcast #221: Nathaniel Whittemore,3768.0,The Bitcoin Podcast,"rgba(236,159,76,1)"
483,2018-09-03,TBP Announcements: Devvio,3636.0,TBP Announcements,"rgba(0,0,0,0.65)"
484,2018-09-03,TBP Announcements: WandX,3295.0,TBP Announcements,"rgba(0,0,0,0.65)"
486,2018-09-04,"Crypto Until Infinity #22: How Exchanges, Tokens, and Ranking Sites Steal Your Money",3575.0,Crypto Until Infinity,#cce5e5
485,2018-09-04,The Bull Pen Podcast #3: Bought a Lambo with BTC,3765.0,The Bull Pen Podcast,"rgb(247,195,24)"
488,2018-09-05,TBP Announcements: FansTime,3362.0,TBP Announcements,"rgba(0,0,0,0.65)"
487,2018-09-05,Hashing It Out #21: Mythril - Bernhard Mueller,3603.0,Hashing It Out,#6dc3d7
489,2018-09-06,Dose of Ether #2: Ethereal Valuation,3872.0,Does of Ether,#a2a2a2
490,2018-09-07,Creating a Humanist Blockchain Future #49,3370.0,Creating a Humanist Blockchain Future,"rgb(210,20,4)"
491,2018-09-07,Just the Headers #20,3827.0,Just the Headers,#2f2e43
492,2018-09-09,The Bitcoin Podcast #222: Imran Khan,4218.0,The Bitcoin Podcast,"rgba(236,159,76,1)"
493,2018-09-11,Crypto Until Infinity #23: Blockchain Music Milestone,3676.0,Crypto Until Infinity,#cce5e5
494,2018-09-12,The Bull Pen Podcast #4: You Would Do What for a $20 BTC?,3609.0,The Bull Pen Podcast,"rgb(247,195,24)"
495,2018-09-13,Hashing It Out #22: Casper+Sharding - Danny Ryan,4189.0,Hashing It Out,#6dc3d7
496,2018-09-14,Dose of Ether #3: EthBerlin,3690.0,Does of Ether,#a2a2a2
497,2018-09-14,Just the Headers #21,3776.0,Just the Headers,#2f2e43
498,2018-09-15,The Bitcoin Podcast #223: Zvika Landau,4233.0,The Bitcoin Podcast,"rgba(236,159,76,1)"
499,2018-09-18,The Bull Pen Podcast #5: The Masked Man,3583.0,The Bull Pen Podcast,"rgb(247,195,24)"
500,2018-09-18,Creating a Humanist Blockchain Future #50,3690.0,Creating a Humanist Blockchain Future,"rgb(210,20,4)"
501,2018-09-19,Hashing It Out #23: Avalanche - Emin Gün Sirer,4214.0,Hashing It Out,#6dc3d7
502,2018-09-21,Dose of Ether #4: The Institutions Are Coming,3958.0,Does of Ether,#a2a2a2
503,2018-09-22,Just the Headers #22,3705.0,Just the Headers,#2f2e43
504,2018-09-22,The Bitcoin Podcast #224: Ray Redacted,4441.0,The Bitcoin Podcast,"rgba(236,159,76,1)"
505,2018-09-24,Law & Blockchain #1: Scott Purcell,4094.0,The Bitcoin Podcast,"rgba(236,159,76,1)"
506,2018-09-24,The Bull Pen Podcast #6: Man vs Machine,3752.0,The Bull Pen Podcast,"rgb(247,195,24)"
507,2018-09-25,Crypto Until Infinity #24: Why You Won't Make Money In The Next Bull Market,4029.0,Crypto Until Infinity,#cce5e5
508,2018-09-26,Hashing It Out #24: Loki Network - Simon Harman & Kee Jefferys,3802.0,Hashing It Out,#6dc3d7
509,2018-09-27,Dose of Ether #5: Cold Hard Wallets,3874.0,Does of Ether,#a2a2a2
510,2018-09-28,Just the Headers #23,3781.0,Just the Headers,#2f2e43
511,2018-09-29,Law & Blockchain #2: Howard Marks,3715.0,The Bitcoin Podcast,"rgba(236,159,76,1)"
512,2018-09-29,The Bitcoin Podcast #225: Brock Pierce,5178.0,The Bitcoin Podcast,"rgba(236,159,76,1)"
513,2018-10-02,Crypto Until Infinity #25: Are We Gentrifying Crypto?,3480.0,Crypto Until Infinity,#cce5e5
514,2018-10-03,Dose of Ether #6: Off Chain Contemplation,3484.0,Does of Ether,#a2a2a2
515,2018-10-04,Hashing It Out #25: Embark Framework - Iuri Matias,3426.0,Hashing It Out,#6dc3d7
516,2018-10-05,Just the Headers #24,3353.0,Just the Headers,#2f2e43
517,2018-10-06,Creating a Humanist Blockchain Future #51,3298.0,Creating a Humanist Blockchain Future,"rgb(210,20,4)"
518,2018-10-07,The Bitcoin Podcast #226: Alena Vranova,3716.0,The Bitcoin Podcast,"rgba(236,159,76,1)"
519,2018-10-08,Law & Blockchain #3: Ragnar Lifthasir,3461.0,The Bitcoin Podcast,"rgba(236,159,76,1)"
520,2018-10-09,TBP Announcements: Cool Wallet S,3020.0,TBP Announcements,"rgba(0,0,0,0.65)"
521,2018-10-09,The Bull Pen Podcast #7: Currency Independence,3453.0,The Bull Pen Podcast,"rgb(247,195,24)"
522,2018-10-10,Crypto Until Infinity #26: Chill Markets,2999.0,Crypto Until Infinity,#cce5e5
523,2018-10-10,"Hashing It Out #26: NuFHE - Michael Egorov and John ""Tux"" Pacific",3320.0,Hashing It Out,#6dc3d7
524,2018-10-12,Dose of Ether #7: Delimiting Decentralization,3125.0,Does of Ether,#a2a2a2
525,2018-10-12,Just the Headers #25,3367.0,Just the Headers,#2f2e43
526,2018-10-14,The Bitcoin Podcast #227: Samson Williams,3825.0,The Bitcoin Podcast,"rgba(236,159,76,1)"
528,2018-10-16,Crypto Until Infinity #27: The Reason Bitcoin Is Pumping,3566.0,Crypto Until Infinity,#cce5e5
527,2018-10-16,The Bull Pen Podcast #8: $500 Million Dollars Later,3192.0,The Bull Pen Podcast,"rgb(247,195,24)"
529,2018-10-18,The Bull Pen Podcast #8.5: Hacker Livestreams 51% Attack on Bitcoin Private,3174.0,The Bull Pen Podcast,"rgb(247,195,24)"
530,2018-10-18,Hashing It Out #27: Radical Markets - Dr. E. Glen Weyl,3416.0,Hashing It Out,#6dc3d7
531,2018-10-19,TBP Announcements: Fetch.ai,2850.0,TBP Announcements,"rgba(0,0,0,0.65)"
532,2018-10-19,Just the Headers #26,3363.0,Just the Headers,#2f2e43
533,2018-10-21,The Bitcoin Podcast #228: Rene Pickhardt,3529.0,The Bitcoin Podcast,"rgba(236,159,76,1)"
534,2018-10-22,Dose of Ether #8: Leveling Up,3020.0,Does of Ether,#a2a2a2
535,2018-10-23,The Bull Pen Podcast #9: Mile High Club,3240.0,The Bull Pen Podcast,"rgb(247,195,24)"
537,2018-10-24,Hashing It Out #28: Panvala - Niran Babalola,3416.0,Hashing It Out,#6dc3d7
536,2018-10-24,Crypto Until Infinity #28: Coinbase Adds a Stablecoin,3240.0,Crypto Until Infinity,#cce5e5
538,2018-10-25,The Bitcoin Podcast #229: Chris Horlacher & Christian Saucier,3401.0,The Bitcoin Podcast,"rgba(236,159,76,1)"
539,2018-10-28,The Bull Pen Podcast #10: Google + 5G + AI + Blockchain + Crypto = ?,3819.0,The Bull Pen Podcast,"rgb(247,195,24)"
540,2018-10-29,Law & Blockchain #4: Georgia Quinn,2976.0,The Bitcoin Podcast,"rgba(236,159,76,1)"
541,2018-10-31,Crypto Until Infinity #29: Short and Sweet,2959.0,Crypto Until Infinity,#cce5e5
542,2018-10-31,Devcon4: Recap Part 1,3366.0,The Bitcoin Podcast,"rgba(236,159,76,1)"
543,2018-11-03,Just the Headers #27,3096.0,Just the Headers,#2f2e43
544,2018-11-04,The Bitcoin Podcast #230,3304.0,The Bitcoin Podcast,"rgba(236,159,76,1)"
545,2018-11-06,The Bull Pen Podcast #11: Your Bit is MyBit,3349.0,The Bull Pen Podcast,"rgb(247,195,24)"
546,2018-11-08,Crypto Until Infinity #30: Did Your Vote Count?,2903.0,Crypto Until Infinity,#cce5e5
547,2018-11-09,Dose of Ether #9: Conference Sets - Crypto for Consumers,3073.0,Does of Ether,#a2a2a2
548,2018-11-11,Just the Headers #28,2493.0,Just the Headers,#2f2e43
549,2018-11-11,The Bitcoin Podcast #231: Dmitri Love,3059.0,The Bitcoin Podcast,"rgba(236,159,76,1)"
550,2018-11-12,Law & Blockchain #5: Ken Moyle,2871.0,The Bitcoin Podcast,"rgba(236,159,76,1)"
551,2018-11-13,The Bull Pen Podcast #12: Crypto in the Land Down Under,2951.0,The Bull Pen Podcast,"rgb(247,195,24)"
552,2018-11-14,Hashing It Out #29: Universal Logins - Alex van de Sande,2930.0,Hashing It Out,#6dc3d7
553,2018-11-15,Dose of Ether #10: Conference Sets - Innovation for Investors,2905.0,Does of Ether,#a2a2a2
554,2018-11-17,Just the Headers #29,2745.0,Just the Headers,#2f2e43
555,2018-11-17,"Crypto Until Infinity #31: Bitcoin Record Low, Android Crypto Scams, China Ban",2897.0,Crypto Until Infinity,#cce5e5
556,2018-11-18,The Bitcoin Podcast #232: Matthew Aaron,3196.0,The Bitcoin Podcast,"rgba(236,159,76,1)"
557,2018-11-19,TBP Announcements: Patrick Camuso - CPA,2520.0,TBP Announcements,"rgba(0,0,0,0.65)"
558,2018-11-19,The Bull Pen Podcast #13: From Wikipedia to Everipedia,2932.0,The Bull Pen Podcast,"rgb(247,195,24)"
559,2018-11-21,Hashing It Out #30: CyberMiles - Michael Yuan,2513.0,Hashing It Out,#6dc3d7
560,2018-11-21,The Bull Pen Podcast Bonus Episode: Bitcoin Could Hit $169 by 2020,3068.0,The Bull Pen Podcast,"rgb(247,195,24)"
561,2018-11-22,Law & Blockchain #6: Justin Newton,3172.0,The Bitcoin Podcast,"rgba(236,159,76,1)"
562,2018-11-25,The Bitcoin Podcast #233: Vinny Lingham,3716.0,The Bitcoin Podcast,"rgba(236,159,76,1)"
563,2018-11-28,Hashing It Out #31: Pokt Network - Michael O'Rourke &  Luis C. de Leon,2720.0,Hashing It Out,#6dc3d7
564,2018-11-29,Dose of Ether #11: Conference Sets - Bold Business Cases,2835.0,Does of Ether,#a2a2a2
567,2018-11-30,TBP Flashback: Episode 38,2710.0,The Bitcoin Podcast,"rgba(236,159,76,1)"
565,2018-11-30,Law & Blockchain #7: David Silver,2409.0,The Bitcoin Podcast,"rgba(236,159,76,1)"
566,2018-11-30,Just the Headers #30,2815.0,Just the Headers,#2f2e43
568,2018-12-01,The Bitcoin Podcast #234: Trent McConaghy,3162.0,The Bitcoin Podcast,"rgba(236,159,76,1)"
569,2018-12-04,The Bull Pen Podcast #14: Chinese Walls,2818.0,The Bull Pen Podcast,"rgb(247,195,24)"
570,2018-12-04,Dose of Ether #12: Conference Sets - Consulting Crypto Start Ups,2941.0,Does of Ether,#a2a2a2
571,2018-12-07,Hashing It Out #32: Grid+ - Alex Miller & Karl Kreder,2740.0,Hashing It Out,#6dc3d7
573,2018-12-09,The Bitcoin Podcast #235: Max Brody & Cameron Hejazi,3202.0,The Bitcoin Podcast,"rgba(236,159,76,1)"
572,2018-12-09,Crypto Until Infinity #32: What You Missed In Crypto,2451.0,Crypto Until Infinity,#cce5e5
574,2018-12-10,Just the Headers #31,3072.0,Just the Headers,#2f2e43
575,2018-12-14,Dose of Ether #13: Scalegate,2550.0,Does of Ether,#a2a2a2
576,2018-12-15,Just the Headers #32,2437.0,Just the Headers,#2f2e43
577,2018-12-15,Hashing It Out #33: Loom Network / Plasma Cash - Georgios Konstantopoulos,2651.0,Hashing It Out,#6dc3d7
578,2018-12-15,Crypto Until Infinity #33: You're Gonna Lose Everything,2747.0,Crypto Until Infinity,#cce5e5
579,2018-12-16,The Bitcoin Podcast #236: Ronnie Moas,5384.0,The Bitcoin Podcast,"rgba(236,159,76,1)"
580,2018-12-19,Hashing It Out #34: Storj - Shawn Wilkinson & JT Olio,2497.0,Hashing It Out,#6dc3d7
581,2018-12-19,"The Bull Pen Podcast #15: Markets, Updates and Expectations for 2019",3120.0,The Bull Pen Podcast,"rgb(247,195,24)"
582,2018-12-22,Crypto Until Infinity #34: Tax Free Bitcoin? The U.S. and U.K. Make Changes,2731.0,Crypto Until Infinity,#cce5e5
583,2018-12-23,The Bitcoin Podcast #237,3803.0,The Bitcoin Podcast,"rgba(236,159,76,1)"
584,2018-12-29,Just the Headers #33,2584.0,Just the Headers,#2f2e43
585,2018-12-30,The Bitcoin Podcast #238,3106.0,The Bitcoin Podcast,"rgba(236,159,76,1)"
586,2019-01-04,Just the Headers #34,2596.0,Just the Headers,#2f2e43
587,2019-01-06,The Bitcoin Podcast #239,2818.0,The Bitcoin Podcast,"rgba(236,159,76,1)"
588,2019-01-08,Law & Blockchain #8: Marc Borion & Jason Gottlieb,2479.0,The Bitcoin Podcast,"rgba(236,159,76,1)"
589,2019-01-09,The Bull Pen Podcast #16: Liquid Assets,2909.0,The Bull Pen Podcast,"rgb(247,195,24)"
590,2019-01-13,The Bitcoin Podcast #240,2801.0,The Bitcoin Podcast,"rgba(236,159,76,1)"
591,2019-01-15,The Bull Pen Podcast #17: The World's Most Secure Online Wallet,2515.0,The Bull Pen Podcast,"rgb(247,195,24)"
592,2019-01-16,Just the Headers #35,2447.0,Just the Headers,#2f2e43
593,2019-01-18,Law & Blockchain #9: Juan Hernandez & Patrick Daugherty,2470.0,The Bitcoin Podcast,"rgba(236,159,76,1)"
594,2019-01-19,Hashing It Out #35: Constantinople Postponement - Trail of Bits & ChainSecurity,2278.0,Hashing It Out,#6dc3d7
595,2019-01-20,The Bitcoin Podcast #241,2419.0,The Bitcoin Podcast,"rgba(236,159,76,1)"
596,2019-01-20,Just the Headers #36,2094.0,Just the Headers,#2f2e43
597,2019-01-21,Crypto Until Infinity #35: Your Crypto Resources,2505.0,Crypto Until Infinity,#cce5e5
598,2019-01-23,The Bull Pen Podcast #18: Sold EVERYTHING and Bought Bitcoin,2522.0,The Bull Pen Podcast,"rgb(247,195,24)"
599,2019-01-25,Just the Headers #37,2251.0,Just the Headers,#2f2e43
600,2019-01-27,The Bitcoin Podcast #242,2333.0,The Bitcoin Podcast,"rgba(236,159,76,1)"
601,2019-01-28,TBP Announcements: Coin Cloud,1993.0,TBP Announcements,"rgba(0,0,0,0.65)"
602,2019-01-29,The Bull Pen Podcast #19: CoinDesk Insider,2180.0,The Bull Pen Podcast,"rgb(247,195,24)"
603,2019-01-30,Dose of Ether #14: Staying Strong,2316.0,Does of Ether,#a2a2a2
604,2019-02-02,Just the Headers #38,2055.0,Just the Headers,#2f2e43
605,2019-02-03,The Bitcoin Podcast #243: Taylor Monahan & Ray Redacted,2129.0,The Bitcoin Podcast,"rgba(236,159,76,1)"
606,2019-02-03,TBP Announcements: Paxos,1904.0,TBP Announcements,"rgba(0,0,0,0.65)"
607,2019-02-04,The Bull Pen Podcast #20: The Crypto Curator,1984.0,The Bull Pen Podcast,"rgb(247,195,24)"
608,2019-02-06,TBP Announcements: Digitex Futures,2018.0,TBP Announcements,"rgba(0,0,0,0.65)"
609,2019-02-08,Law & Blockchain #10: Andrea Tinianow,1657.0,The Bitcoin Podcast,"rgba(236,159,76,1)"
610,2019-02-08,Just the Headers #39,1826.0,Just the Headers,#2f2e43
611,2019-02-10,The Bitcoin Podcast #244,1930.0,The Bitcoin Podcast,"rgba(236,159,76,1)"
612,2019-02-11,The Bull Pen Podcast #21: The Crypto Curator,1596.0,The Bull Pen Podcast,"rgb(247,195,24)"
